Prover time,Verifier time,Proof size
40.956111282s,"[5.883601ms, 5.915894ms, 5.948254ms, 5.596012ms, 5.64454ms]",5248
