Prover time,Verifier time,Proof size
119.612544028s,"[87.407683ms, 87.181381ms, 87.268069ms, 86.992584ms, 87.197886ms]",11776
