Prover time,Verifier time,Proof size
4897.589843287s,"[13.458568ms, 12.483921ms, 14.170418ms, 13.056428ms, 11.865719ms]",21472
