Prover time,Verifier time,Proof size
319.638696005s,"[779.682978ms, 778.960132ms, 779.065341ms, 776.443408ms, 777.868398ms]",17792
