Prover time,Verifier time,Proof size
1509.021371014s,"[3.536661395s, 3.521084847s, 3.525954143s, 3.521782137s, 3.526805489s]",19360
