Prover time,Verifier time,Proof size
7.39424786s,"[38.249605ms, 38.024806ms, 37.652587ms, 37.716193ms, 37.714398ms]",12384
