Prover time,Verifier time,Proof size
6193.740575488s,"[7.717588109s, 6.424551047s, 6.368186735s, 6.1990773s, 6.202323969s]",19072
