Prover time,Verifier time,Proof size
612.396108748s,"[11.889238ms, 14.269386ms, 14.299788ms, 14.251379ms, 13.41016ms]",15776
