Prover time,Verifier time,Proof size
1515.845062095s,"[13.314329ms, 11.964202ms, 12.483951ms, 12.140998ms, 11.91301ms]",17664
