Prover time,Verifier time,Proof size
8.578249542s,"[5.26275ms, 5.446875ms, 5.673208ms, 5.37175ms, 5.507542ms]",9344
