Prover time,Verifier time,Proof size
1560.489405301s,"[13.381296ms, 12.81339ms, 11.824373ms, 12.131145ms, 12.932992ms]",18016
