Prover time,Verifier time,Proof size
13110.005641679s,"[191.580318ms, 191.567322ms, 191.879942ms, 191.69517ms, 192.131457ms]",31840
