Prover time,Verifier time,Proof size
40.940689689s,"[347.225191ms, 346.89419ms, 345.935877ms, 346.540538ms, 347.708409ms]",6688
