Prover time,Verifier time,Proof size
7013.555243007s,"[13.377082ms, 14.984062ms, 13.921925ms, 18.867685ms, 13.02866ms]",15392
