Prover time,Verifier time,Proof size
5589.713800985s,"[19.495796ms, 14.679045ms, 11.591783ms, 14.667389ms, 11.690919ms]",15488
