Prover time,Verifier time,Proof size
65.706228465s,"[98.730296ms, 97.282845ms, 97.326885ms, 97.148258ms, 96.953079ms]",16416
