Prover time,Verifier time,Proof size
439.728832965s,"[1.460470582s, 1.455597095s, 1.456227076s, 1.456995169s, 1.458504167s]",11232
