Prover time,Verifier time,Proof size
1599.251693903s,"[3.627395454s, 3.606190899s, 3.613467638s, 3.609676058s, 3.614246092s]",21216
