Prover time,Verifier time,Proof size
5002.81609977s,"[18.149591ms, 13.010179ms, 13.449873ms, 10.752188ms, 13.833615ms]",14688
