Prover time,Verifier time,Proof size
102.13372769s,"[9.57903ms, 9.592545ms, 9.415805ms, 9.740841ms, 9.71734ms]",14912
