Prover time,Verifier time,Proof size
621.136540347s,"[908.827509ms, 811.565522ms, 832.62601ms, 819.755227ms, 819.775657ms]",17408
