Prover time,Verifier time,Proof size
455.195850197s,"[8.304711ms, 8.074211ms, 7.809527ms, 7.676672ms, 8.108705ms]",9632
