Prover time,Verifier time,Proof size
20236.575060492s,"[42.309333ms, 40.685922ms, 40.213078ms, 40.250277ms, 39.978994ms]",24832
