Prover time,Verifier time,Proof size
4850.742475575s,"[6.963656122s, 6.946354325s, 6.957411284s, 6.96182678s, 6.96392204s]",23264
