Prover time,Verifier time,Proof size
5848.111169748s,"[6.18293419s, 5.531567317s, 5.471957395s, 5.254793859s, 5.250229156s]",34112
