Prover time,Verifier time,Proof size
1788.864379755s,"[160.002284ms, 156.773434ms, 159.989489ms, 157.375988ms, 157.144526ms]",27424
