Prover time,Verifier time,Proof size
100.21956162s,"[359.434979ms, 359.595413ms, 358.27037ms, 358.38591ms, 358.086284ms]",17600
