Prover time,Verifier time,Proof size
46.921947991s,"[6.253303ms, 5.989095ms, 5.686517ms, 5.844947ms, 6.138781ms]",5856
