Prover time,Verifier time,Proof size
58.275322197s,"[356.993736ms, 356.428322ms, 356.70307ms, 356.236843ms, 355.247482ms]",8608
