Prover time,Verifier time,Proof size
662.352319336s,"[14.07718ms, 14.561744ms, 12.778644ms, 12.119897ms, 12.105888ms]",16544
