Prover time,Verifier time,Proof size
25581.972348237s,"[287.59644ms, 282.779052ms, 282.657112ms, 285.993484ms, 286.15537ms]",52960
