Prover time,Verifier time,Proof size
5.090760526s,"[36.792561ms, 36.134451ms, 36.068669ms, 35.904944ms, 35.920094ms]",10464
