Prover time,Verifier time,Proof size
5904.511026993s,"[21.758084ms, 17.378085ms, 18.427551ms, 20.082441ms, 17.539455ms]",32928
