Prover time,Verifier time,Proof size
378.682526347s,"[145.261867ms, 144.976649ms, 145.041836ms, 144.403801ms, 144.79191ms]",25088
