Prover time,Verifier time,Proof size
7037.177458718s,"[10.755825048s, 10.303373051s, 10.241335682s, 10.228405467s, 10.247229995s]",17248
