Prover time,Verifier time,Proof size
90.400205671s,"[350.633152ms, 351.609275ms, 352.025322ms, 351.499121ms, 351.589063ms]",15872
