Prover time,Verifier time,Proof size
341.743905732s,"[10.928321ms, 10.599949ms, 10.053239ms, 9.83894ms, 10.102986ms]",16256
