Prover time,Verifier time,Proof size
96.014010754s,"[8.874158ms, 8.663609ms, 8.781947ms, 9.00512ms, 8.196985ms]",12192
