Prover time,Verifier time,Proof size
13101.733993856s,"[132.834092ms, 131.221255ms, 130.648346ms, 129.304189ms, 128.376229ms]",24128
