Prover time,Verifier time,Proof size
98.868994586s,"[9.502938ms, 9.552552ms, 9.101992ms, 9.270166ms, 9.460657ms]",14432
