Prover time,Verifier time,Proof size
5777.000729068s,"[24.10202ms, 23.24471ms, 16.982667ms, 23.005388ms, 19.162869ms]",32352
