Prover time,Verifier time,Proof size
738.532205713s,"[1.359760163s, 874.159892ms, 872.04573ms, 874.255431ms, 886.231419ms]",19744
