Prover time,Verifier time,Proof size
9.670979583s,"[71.129084ms, 71.131042ms, 65.8755ms, 73.0535ms, 66.090208ms]",10880
