Prover time,Verifier time,Proof size
202.949874917s,"[705.039959ms, 696.759125ms, 724.00425ms, 960.096333ms, 699.700208ms]",13664
