Prover time,Verifier time,Proof size
8.379997916s,"[5.161417ms, 5.540125ms, 5.45175ms, 5.683625ms, 5.661208ms]",9344
