Prover time,Verifier time,Proof size
69.222673542s,"[4.527875ms, 4.533958ms, 4.627875ms, 4.254875ms, 5.371875ms]",5248
