Prover time,Verifier time,Proof size
8.225281167s,"[5.179958ms, 5.610708ms, 5.416792ms, 7.425459ms, 5.441292ms]",9344
