Prover time,Verifier time,Proof size
8.47391425s,"[5.209625ms, 5.463125ms, 5.163958ms, 5.409542ms, 5.480875ms]",9344
