Prover time,Verifier time,Proof size
84.900340958s,"[21.0725ms, 18.126333ms, 19.301833ms, 19.847584ms, 18.572041ms]",5568
