Prover time,Verifier time,Proof size
190.574888166s,"[654.733625ms, 679.403167ms, 657.519709ms, 637.389916ms, 658.432667ms]",16288
