Prover time,Verifier time,Proof size
9.401266959s,"[12.046999ms, 12.398ms, 12.710791ms, 12.593584ms, 14.633042ms]",9504
