Prover time,Verifier time,Proof size
5175.557830641s,"[7.683671026s, 6.67916234s, 5.872363504s, 5.865390392s, 5.87732247s]",16512
