Prover time,Verifier time,Proof size
5.62684709s,"[7.146894ms, 7.371995ms, 7.142304ms, 7.188379ms, 7.13486ms]",9280
