Prover time,Verifier time,Proof size
90.664410397s,"[356.138626ms, 355.572813ms, 356.056541ms, 359.807612ms, 359.254086ms]",13664
