Prover time,Verifier time,Proof size
18905.685773905s,"[22.100428908s, 20.558724s, 20.605078277s, 20.604701829s, 20.658679546s]",23008
