Prover time,Verifier time,Proof size
6.195660801s,"[8.189713ms, 7.619484ms, 7.721264ms, 7.816139ms, 7.922571ms]",10080
