Prover time,Verifier time,Proof size
6047.666696497s,"[5.74565713s, 5.62970652s, 5.618281497s, 5.615503127s, 5.618596032s]",36320
